batch_row,firm_name,priority,call_order,evidence,uncertainty_or_counterevidence,opening_question,sources,need_status,observed_on
1,LEAP Property Management,Later,,Lists multiple staff; separate maintenance page describes a dedicated coordinator and 24-hour support.,Existing support weakens the no-support hypothesis.,What still takes manual work after your coordinator receives a request?,https://www.leapdfw.com/full-service-property-management/maintenance-coordination/,unconfirmed,2026-10-05
2,Herman Boswell Property Management (Boswell Rentals),Research,,Company states more than 700 properties across the Metroplex.,Scale is self-reported and undated; staffing and maintenance coverage need verification.,How many people coordinate maintenance across the portfolio?,https://boswellrentals.com/property-management-about/,unconfirmed,2026-10-05
3,Pros PM (Professional Service Property Management),Later,,"Team lists a maintenance director, coordinator and technicians; maintenance login links to Property Meld.",Established maintenance operation; explore only a specific uncovered workflow.,What is left outside Property Meld that your team still handles manually?,https://www.prospm.com/meet-the-team,unconfirmed,2026-10-05
4,"Fortune Real Property Management Services, Inc.",Research,,Company states about 600 single-family homes plus duplexes and fourplexes in DFW.,"Count is a website claim, not independently verified; no confirmed staffing gap.",Who handles intake and vendor follow-up across those homes?,https://www.fortunerealproperty.com/about-us,unconfirmed,2026-10-05
5,Navigate Property Management (Navigate Management Company),Research,,Team page names Ernesto Andujar as owner/CEO and Judy Andujar as compliance chief; calls itself family-run.,Listed leadership is not total headcount; portfolio and support model unknown.,How is maintenance split between your internal team and outside support?,https://nmcpropertymanagement.com/meet-the-team,unconfirmed,2026-10-05
6,1st Choice Property Management,Later,,Team page lists two maintenance coordinators and a field service technician.,Already staffed for maintenance; no confirmed gap.,Which after-hours or follow-up work still spills over to property managers?,https://www.fortworthpropertymanagement.com/about,unconfirmed,2026-10-05
7,Dallas Property Management Pros (DFJH Management),Call first,2,Names John Henry and Doug Furra as co-owners; services explicitly cover DFW single-family homes and AppFolio access.,Two named owners do not prove a two-person company; already promises 24/7 urgent repairs.,"When an urgent request arrives after hours, who takes it from intake through vendor follow-up?",https://dallaspropertymanagementpros.com/property-management-services | https://dallaspropertymanagementpros.com/about-dallas-pmp,unconfirmed,2026-10-05
8,Teixeira Property Management (TPM),Call first,4,Owner-led team assigns contractor communication and coordination to an office manager; AppFolio portals.,Five published team profiles are not verified headcount; services already promise 24/7 maintenance communication.,"Does contractor follow-up sit with Nick, and which part takes the most time?",https://wearetpm.com/about | https://wearetpm.com/services,unconfirmed,2026-10-05
9,Cox Premier Properties,Later,,"Maintenance FAQ promises a live person around the clock, troubleshooting and vendor dispatch.",Current support exists; provider and satisfaction unknown.,"Is the live maintenance line internal or outsourced, and where does follow-through break down?",https://coxpremier.com/,unconfirmed,2026-10-05
10,Classic Property Management (Classic Locators),Research,,Lists executive leadership and multiple property managers in Arlington.,Only a leadership/team page checked; maintenance staffing unresolved.,Is maintenance centrally coordinated or owned by each property manager?,https://www.classicpm.com/about-us/our-team/,unconfirmed,2026-10-05
11,Legacy Realty & Management,Call first,5,"Family-operated North Dallas manager of single-family homes, townhomes and multifamily; describes contractor-based repairs.",No verified staff or door count; lack of listed coordinator is not proof of absence.,Who triages tenant calls and follows up with contractors in your family-run operation?,https://www.legacy380.com/about-us | https://www.legacy380.com/property-management-services,unconfirmed,2026-10-05
12,Key Properties,Call first,6,Company states over 300 residential and multifamily properties; AppFolio tenant maintenance portal.,Count is self-reported; team size and after-hours arrangements unknown.,"Across your 300-plus properties, how many people handle maintenance intake and vendor chasing?",https://www.keyretx.com/,unconfirmed,2026-10-05
13,3G Properties Group,Research,,"Team includes founder Shirley Johnson, project management and tenant relations roles; describes process improvements.",Staffing suggests existing operational support; no current buying trigger verified.,Which maintenance handoffs are still manual despite your existing systems?,https://www.3gpropertiesgroup.com/about,unconfirmed,2026-10-05
14,Tierra Verde Property Management,Later,,Team page names a maintenance manager running an in-house maintenance division.,Explicit support contradicts no-maintenance-support hypothesis.,"Would intake or administrative follow-up help your in-house division, or is that already covered?",https://tveleasing.com/team/,unconfirmed,2026-10-05
15,"Texas Management and Leasing, LLC",Research,,"Plano-based company describes licensed managers, leasing specialists and multifamily portfolios.","Scattered single-family mix, staffing and portfolio size not established.","What share of your managed doors are scattered single-family, and who coordinates repairs?",https://www.texaspm.com/about-us,unconfirmed,2026-10-05
16,NHS Properties (NHS Property Management LLC),Call first,1,About page profiles Carrie Hatfield as broker/PM and Aracely Gutierrez handling accounting and leasing; homepage posts 8am–3pm weekday hours.,Two profiles do not prove two staff; office hours do not establish emergency coverage. Door count unknown.,"Outside office hours, does maintenance come back to you and Aracely, or is another team covering it?",https://www.nhsproperties.com/about-us | https://www.nhsproperties.com/,unconfirmed,2026-10-05
17,KCC Property Management (formerly TRGhouses / Trumbull Realty Group),Verify access,,Team and property-management pages could not be retrieved in this pass.,No fresh evidence; prior brief not treated as verified.,"Confirm current website, portfolio type and the person responsible for maintenance.",https://kccliving.com/property-management/,unconfirmed,2026-10-05
18,Fort Property Management LLC,Later,,Local single-family/duplex/small-multifamily manager; explicitly positions against automation and outsourced support.,"Strong product-positioning objection, despite property fit.","Would administrative help behind your local team be useful, or do you prefer every step handled directly?",https://www.fortpropertymgmt.com/,unconfirmed,2026-10-05
19,Park One Properties,Research,,"About page lists partners, broker and an office manager.",Sales-team profiles cannot establish PM staffing; maintenance workflow unknown.,Which team member owns maintenance coordination day to day?,https://www.parkoneproperties.com/about.html,unconfirmed,2026-10-05
20,MRE Property Management (Maximum Real Estate LLC),Research,,Describes shared team response and management of single-family/small multifamily across DFW counties.,"Shared phone ownership is context, not proof of missed work or understaffing.","When anyone on the team takes a maintenance call, how do you track its handoff and completion?",https://mredfw.com/about-us/,unconfirmed,2026-10-05
21,"Posey Property Management, Inc.",Research,,Dallas/northern-suburb single-family portfolio and AppFolio maintenance access.,"Staffing, size and after-hours support unresolved.","After a portal request arrives, who triages it and keeps tenants updated?",https://www.poseypm.com/,unconfirmed,2026-10-05
22,McCaw Property Management,Later,,Team lists two maintenance managers alongside a broad operations staff.,Established specialist support; weaker match to initial no-support customer.,Which repetitive tasks would help your maintenance managers most?,https://mccawpropertymanagement.com/about-us/,unconfirmed,2026-10-05
23,Fowler Property Management,Later,,Rental-management page emphasizes lease-up mobilization and dedicated corporate support.,Operating model appears less aligned with a tiny scattered-site team; verify actual portfolio mix.,Do you have a separate scattered-site team with its own maintenance workflow?,https://www.fowlerpropertymgmt.com/rentalmanagement/,unconfirmed,2026-10-05
24,"Ruiz Property Connection, LLC",Verify data,,"Maintenance page contains ABC Properties, a California address and an apparent placeholder emergency number.",Do not import that number or treat template hours as real operations. Verify identity/contact through a separate source.,"After verifying the office contact, ask what maintenance channel residents actually use.",https://www.ruizpropertyconnection.com/maintenance,unconfirmed,2026-10-05
25,31 Realty (31 Realty Property Management),Verify access,,Listed company website could not be retrieved in this pass.,No fresh fit or workload evidence; inherited portal URL is not enough.,Confirm current firm website and maintenance owner before prioritizing.,http://31realty.net/,unconfirmed,2026-10-05
26,DeGuire Properties,Research,,"Homepage was retrievable, but the inherited team-page URL failed.","Team, scale and maintenance model unresolved; do not infer a small team from missing page.","Who currently coordinates maintenance, and where is the current team information?",https://www.deguireproperties.com/,unconfirmed,2026-10-05
27,"NewGen Properties, LLC",Later,,Homepage explicitly advertises in-house maintenance service.,Existing repair support; determine coordination gaps rather than claiming none.,Does your in-house service also handle after-hours intake and tenant updates?,https://www.dallasmetroplexhomes.com/,unconfirmed,2026-10-05
28,Legacy Texas Property Management,Call first,3,Homepage identifies Tyler and Skye Hamilton as owner/property managers serving Cleburne and south Fort Worth houses and duplexes.,Also manages commercial property and already advertises 24/7 response. Headcount and doors unknown.,"Do after-hours calls reach you two, or do you have a separate service behind the 24/7 response?",https://legacytxpros.com/,unconfirmed,2026-10-05
29,SGI Property Management,Later,,Visible portals use Propertyware; company also links a Phoenix office.,Outside current AppFolio-first implementation and not confirmed as a small team.,Is Propertyware integration essential before you could use a maintenance line?,https://www.dallaspropertymanagement.biz/about,unconfirmed,2026-10-05
30,Trend Property & Management,Verify access,,Listed website failed to retrieve.,"No fresh confirmation of staffing, portfolio or maintenance needs.",Verify current company website and business contact first.,https://fortworthpropertymanagement.co/,unconfirmed,2026-10-05
